CustomerID,FirstName,LastName,DateOfBirth,AddressID,CustomerTypeID
10832,Nyla,Aguirre,1974-02-07 00:00:00.000000,881,1
10983,,Battle,1963-02-01 00:00:00.000000,958,2
10837,Angelena,Harrington,1964-03-25 00:00:00.000000,86,3
10107,Remona,Glass,1965-09-16 00:00:00.000000,595,1
10553,King,Becker,1966-02-20 00:00:00.000000,969,3
10867,Mathew,Kinney,1997-06-26 00:00:00.000000,866,3
10861,Roderick,Mckee,1980-02-04 00:00:00.000000,604,3
10964,Jewell,Flowers,1978-05-31 00:00:00.000000,700,3
10578,Shizuko,Boyer,2000-08-23 00:00:00.000000,635,3
10148,Avelina,Barker,1997-10-27 00:00:00.000000,28,2
10790,Cliff,Short,1969-01-14 00:00:00.000000,193,3
10125,Amberly,Bowen,2000-01-27 00:00:00.000000,982,2
10233,Nisha,,1999-09-15 00:00:00.000000,591,1
10234,Eduardo,Goff,1968-11-17 00:00:00.000000,85,1
10961,Audrea,French,1962-03-29 00:00:00.000000,670,1
10671,Sherell,Hamilton,1996-07-14 00:00:00.000000,1041,1
10682,Ambrose,Harrison,1976-06-29 00:00:00.000000,455,1
10533,Rodolfo,Fitzgerald,1988-02-12 00:00:00.000000,634,2
10523,Phil,Clay,1999-11-02 00:00:00.000000,479,3
10131,Quintin,Wheeler,1976-01-21 00:00:00.000000,1201,1
10575,Mel,Hobbs,1992-12-18 00:00:00.000000,143,1
10941,Lamont,Mcgowan,2000-03-16 00:00:00.000000,87,2
10252,Loralee,Dodson,1988-10-13 00:00:00.000000,1058,1
10830,,Burt,1992-06-29 00:00:00.000000,1169,2
10223,Ray,Farmer,1998-01-11 00:00:00.000000,193,1
10922,Adan,Benton,1997-07-29 00:00:00.000000,841,1
10048,Matthew,Mcclure,1991-01-16 00:00:00.000000,615,2
10001,Sherrell,Barlow,1969-06-07 00:00:00.000000,560,2
10013,Eric,Franks,1966-04-14 00:00:00.000000,849,3
10165,Dominique,Allison,1984-04-28 00:00:00.000000,1176,1
10466,Bruce,Branch,1988-02-11 00:00:00.000000,675,1
10938,Graham,Dalton,1999-05-01 00:00:00.000000,400,1
10641,Gino,Hopkins,1964-11-23 00:00:00.000000,740,2
10222,Verline,Kelley,1980-05-02 00:00:00.000000,699,3
10420,Bruna,Henry,1964-04-17 00:00:00.000000,152,2
10296,Zandra,Delaney,1988-03-04 00:00:00.000000,579,3
10376,Mardell,Nguyen,1965-06-19 00:00:00.000000,1077,1
10987,Rosana,Drake,1971-10-26 00:00:00.000000,1196,3
10133,Eliseo,Cantu,1977-06-11 00:00:00.000000,756,3
10673,Demetrius,Roth,1994-05-20 00:00:00.000000,340,1
11077,Reynalda,Flynn,1972-03-21 00:00:00.000000,920,3
10777,Jacquelynn,Bush,1997-09-19 00:00:00.000000,12,3
10854,Leontine,May,2000-12-07 00:00:00.000000,36,1
10512,Deeann,Spears,1961-01-25 00:00:00.000000,905,2
10045,Yasuko,Greer,1986-11-09 00:00:00.000000,945,1
10066,Calvin,Donaldson,1967-06-24 00:00:00.000000,517,2
11082,Pierre,Cross,1989-09-18 00:00:00.000000,463,3
10816,Riva,Powell,1972-10-02 00:00:00.000000,109,2
11083,Elfreda,Sheppard,1994-04-05 00:00:00.000000,1200,3
10598,Rudy,Lott,1998-11-06 00:00:00.000000,1048,1
10675,Pete,Marks,1969-06-09 00:00:00.000000,304,2
10196,BraEdon,Boone,1986-09-13 00:00:00.000000,500,1
10568,Mirtha,Bowman,1965-05-26 00:00:00.000000,606,2
10748,Glayds,Russo,1996-05-30 00:00:00.000000,620,1
10740,Eleanora,Gates,1987-07-17 00:00:00.000000,655,2
10161,,Pena,1975-03-23 00:00:00.000000,634,1
10449,Shaun,Arnold,2000-10-07 00:00:00.000000,768,3
10044,Jeanmarie,Fulton,1976-10-08 00:00:00.000000,298,3
10676,Ammie,Mcguire,1967-07-07 00:00:00.000000,331,1
10511,Shaunda,Watkins,1998-01-01 00:00:00.000000,195,3
10759,Reginald,Anthony,1985-02-28 00:00:00.000000,421,1
10425,Suellen,Zimmerman,1986-06-02 00:00:00.000000,956,3
10080,Freeman,Kelly,1974-05-31 00:00:00.000000,97,3
10437,Lincoln,Bartlett,1978-02-22 00:00:00.000000,182,2
10536,Jamie,Swanson,1996-03-30 00:00:00.000000,523,2
10123,Cecille,Spencer,1993-12-05 00:00:00.000000,499,2
10436,Chantell,Schneider,1993-01-03 00:00:00.000000,268,3
10720,Gabriel,Craft,1984-04-23 00:00:00.000000,1083,3
10118,Tonie,Heath,1993-01-14 00:00:00.000000,681,1
10208,Barton,Hart,1976-09-30 00:00:00.000000,251,3
10253,Charita,Farmer,1999-11-28 00:00:00.000000,137,3
10843,Salena,Burton,1968-10-30 00:00:00.000000,77,2
10793,Marinda,David,1960-05-08 00:00:00.000000,375,1
10689,Melita,Beach,1968-06-12 00:00:00.000000,754,1
10755,Damien,Hatfield,1960-12-28 00:00:00.000000,824,2
10384,Mammie,Faulkner,1960-08-27T00:00:00,988,2
10900,Shirleen,Gamble,1960-02-20 00:00:00.000000,962,1
10320,Lavera,Keller,1989-05-20 00:00:00.000000,244,1
10170,Benito,Talley,1969-07-17 00:00:00.000000,335,1
10813,Rasheeda,Holt,1990-02-02 00:00:00.000000,1012,3
10267,Toshia,Reyes,1973-11-10 00:00:00.000000,1196,2
10046,Lilli,Hyde,1963-06-18 00:00:00.000000,364,1
10821,Kathrin,Rocha,1963-08-07 00:00:00.000000,1052,1
10240,Criselda,Hull,1989-08-07 00:00:00.000000,844,1
10875,Kanisha,Houston,1989-08-31 00:00:00.000000,992,2
10819,Shane,Aguirre,1981-11-20 00:00:00.000000,1103,1
10467,Mike,Keith,1987-01-01 00:00:00.000000,595,2
10904,Jason,Cameron,1973-07-07 00:00:00.000000,596,3
10902,The,Lindsey,1992-11-25 00:00:00.000000,480,1
10531,Kurtis,Cardenas,1964-04-21 00:00:00.000000,160,2
10677,Gianna,Day,1995-04-28 00:00:00.000000,1091,3
10991,Nieves,Baird,1968-11-06 00:00:00.000000,233,1
10145,,Rogers,1985-03-22 00:00:00.000000,869,2
10655,Lurlene,Carver,1965-04-01 00:00:00.000000,931,3
10400,Maryam,Small,1990-09-28 00:00:00.000000,556,2
10580,Val,Romero,1991-11-01 00:00:00.000000,103,3
10209,Eleni,Joyner,1998-08-11 00:00:00.000000,541,2
10639,Mitch,Carver,1987-11-26 00:00:00.000000,99,1
10479,Bernardine,Reeves,1969-02-03 00:00:00.000000,120,3
10849,Dino,Calhoun,1983-12-23 00:00:00.000000,480,2
10401,Hilaria,Rasmussen,1994-01-08 00:00:00.000000,96,3
10668,Edison,Walsh,1973-11-07 00:00:00.000000,727,1
11076,Devorah,Kline,1996-02-14 00:00:00.000000,423,1
10881,Lachelle,Jones,1998-09-01 00:00:00.000000,1104,3
10560,Quentin,Pope,1993-06-10 00:00:00.000000,967,1
10679,Pandora,Cooley,1969-03-31 00:00:00.000000,1018,3
10579,Hong,Carson,1970-03-20 00:00:00.000000,658,1
10311,Vashti,Gross,1995-06-19 00:00:00.000000,28,2
10681,Odell,Estrada,1989-08-03 00:00:00.000000,399,2
10988,Van,Hinton,1974-12-31 00:00:00.000000,69,3
10696,Timothy,Fernandez,1968-09-02 00:00:00.000000,328,1
10072,Bud,Lynch,1990-05-07 00:00:00.000000,1199,3
10495,Harvey,Lindsay,1997-05-22 00:00:00.000000,703,2
10307,Van,Frank,1990-06-10 00:00:00.000000,217,3
10205,Raymond,Booth,1986-05-25 00:00:00.000000,854,1
10038,Juliane,Compton,1984-06-12 00:00:00.000000,194,2
10150,Virgil,Horne,1982-10-18 00:00:00.000000,1148,2
10248,Carmelina,Sykes,1982-08-31 00:00:00.000000,376,2
10478,Wan,Hardin,1993-12-14 00:00:00.000000,621,2
10683,Lane,Love,1970-07-29 00:00:00.000000,677,1
10888,Clay,Duffy,1961-05-25 00:00:00.000000,1169,1
10424,Santos,Atkinson,1969-09-14 00:00:00.000000,502,2
10144,Jospeh,Hodges,1993-08-23 00:00:00.000000,477,1
10684,Lindsey,Henry,1983-01-30 00:00:00.000000,165,1
10626,Johnson,Lawrence,NaT,143,2
10763,Benedict,Roy,1991-11-03 00:00:00.000000,937,3
10539,Arletta,Sykes,1974-07-14 00:00:00.000000,138,1
10337,Jamar,Brooks,1997-08-20 00:00:00.000000,590,2
11031,Van,Rojas,1971-03-22 00:00:00.000000,590,3
10179,,James,1972-05-09 00:00:00.000000,235,3
10871,Tiffiny,Vinson,1964-05-09 00:00:00.000000,362,2
10855,Kit,Williamson,1961-06-20 00:00:00.000000,1142,1
10130,Wava,Strong,1987-12-14 00:00:00.000000,554,3
10551,Ashley,Mayer,1995-05-13 00:00:00.000000,621,3
10434,Raymundo,Castaneda,2000-07-02 00:00:00.000000,561,1
10572,Demarcus,Hancock,1978-10-27 00:00:00.000000,642,3
10409,Ezekiel,Roth,1960-03-11 00:00:00.000000,193,1
10803,Omar,Vaughn,1991-02-09 00:00:00.000000,850,3
10761,Yuri,Brennan,1961-08-09 00:00:00.000000,707,2
10503,Simon,Nicholson,1985-05-31 00:00:00.000000,1110,1
10968,Melvin,Logan,1961-05-15 00:00:00.000000,775,1
10426,Damion,Compton,1991-07-27 00:00:00.000000,1190,1
10741,Leroy,Clarke,1962-06-17 00:00:00.000000,437,3
10086,Rafael,Buck,1977-05-04 00:00:00.000000,524,1
10093,Jacquelyne,Mcpherson,1974-06-10 00:00:00.000000,1015,2
10468,Earnest,West,1983-03-14 00:00:00.000000,957,1
10926,Verline,Steele,1982-09-05 00:00:00.000000,391,3
10929,Kareem,Schmidt,1992-07-27 00:00:00.000000,451,2
11012,Angelika,Hoover,1976-09-16 00:00:00.000000,901,3
10362,Yessenia,Conner,1999-07-06 00:00:00.000000,704,1
10648,Bradley,Richards,1977-05-19 00:00:00.000000,949,1
10525,Lucio,,1967-11-13 00:00:00.000000,1060,1
10190,Kareen,Tyson,1987-05-15 00:00:00.000000,325,1
10361,Hanh,Vincent,2025-09-28 15:01:42.854835,29,1
10699,Claudio,,1983-10-15 00:00:00.000000,614,2
10198,Jamaal,James,1998-08-06 00:00:00.000000,358,2
10140,Eddie,Contreras,1972-07-11 00:00:00.000000,230,2
10332,Salley,Buckner,1987-03-01 00:00:00.000000,1080,3
10069,Vena,Huber,1989-08-17 00:00:00.000000,905,2
10063,Adolfo,Bean,1968-06-12 00:00:00.000000,358,2
11055,Martin,Russo,1988-09-17 00:00:00.000000,116,3
10168,Lonnie,Benson,1992-05-17 00:00:00.000000,916,3
10672,Jaime,Santos,1999-12-05 00:00:00.000000,1010,1
11033,Johanne,Burch,1988-11-10 00:00:00.000000,934,1
11093,Larry,Lewis,1968-08-20 00:00:00.000000,103,3
10149,Elijah,Sweet,1972-11-14 00:00:00.000000,548,1
10373,wrice,Giles,1982-11-23 00:00:00.000000,838,1
10957,Adriene,Slater,1998-12-14 00:00:00.000000,917,2
10588,Dino,Valentine,1963-04-14 00:00:00.000000,674,1
11030,Rudolph,Patton,1990-11-04 00:00:00.000000,571,2
10687,Alex,Blankenship,1972-06-01 00:00:00.000000,919,1
10491,Delora,Richmond,1990-09-13 00:00:00.000000,39,3
10017,Kristopher,Whitaker,1987-01-01 00:00:00.000000,642,1
10004,Natashia,Gillespie,1985-05-27 00:00:00.000000,668,2
10239,Sean,Pope,1997-09-13 00:00:00.000000,896,3
10992,Deon,Kline,1976-12-31 00:00:00.000000,758,1
10656,Genny,Woodard,2000-09-01 00:00:00.000000,1043,1
10937,Wes,Gamble,1970-10-05 00:00:00.000000,1047,1
11006,Deshawn,,1973-01-20 00:00:00.000000,55,2
10462,Vashti,Baldwin,1975-07-13 00:00:00.000000,530,3
10912,Mariano,Bean,1976-12-10 00:00:00.000000,95,2
10355,Jacquiline,,1960-09-18 00:00:00.000000,1107,3
10043,Beau,Byrd,1976-05-08 00:00:00.000000,1044,3
10606,Theo,Ashley,1997-07-13 00:00:00.000000,937,1
10827,Romeo,Reed,1977-08-01 00:00:00.000000,15,3
10338,Otelia,Alexander,1998-01-26 00:00:00.000000,1200,1
10778,Madie,,1976-08-05 00:00:00.000000,371,1
10607,Jesenia,Wade,1970-05-03 00:00:00.000000,637,2
10298,Renetta,Logan,2000-08-08 00:00:00.000000,405,2
10559,Stephen,Hale,1990-05-26 00:00:00.000000,713,2
10142,Xavier,Meyer,1976-08-13 00:00:00.000000,785,2
10364,Dannielle,Bray,1994-09-28 00:00:00.000000,1164,3
10340,Omar,Whitakr,1996-01-15 00:00:00.000000,1183,1
10112,Gene,Lopez,1992-10-01 00:00:00.000000,604,1
10020,Hilde,Kaufman,1968-11-23 00:00:00.000000,1190,2
10949,Boyd,Dickson,1997-02-18 00:00:00.000000,1172,1
10138,Max,Kim,1963-02-22 00:00:00.000000,777,2
10700,Wendolyn,Powers,2000-01-21 00:00:00.000000,564,3
10627,Keenan,Good,1991-02-28 00:00:00.000000,782,1
10226,Thurman,,NaT,1020,2
10574,August,Lamb,1996-06-09 00:00:00.000000,352,1
10203,Christopher,Randall,1995-05-05 00:00:00.000000,405,2
11066,Warren,Lawrence,2000-11-25 00:00:00.000000,65,3
10075,Cythia,Marshall,1966-06-10 00:00:00.000000,1027,3
10640,Emil,Rocha,1963-06-01 00:00:00.000000,86,3
10713,Gilbert,Bernard,NaT,1139,1
10695,Mirella,Gibson,1961-03-16 00:00:00.000000,158,3
10760,Rolando,Serrano,1995-04-24 00:00:00.000000,651,2
10899,Corliss,Willis,1969-10-01 00:00:00.000000,331,1
10136,Isidro,Melendez,1984-02-03 00:00:00.000000,894,1
10826,Onita,Christensen,1987-01-15 00:00:00.000000,70,3
10105,Lance,Mcleod,2000-04-21 00:00:00.000000,805,2
10852,Chung,Neal,1991-08-06 00:00:00.000000,166,3
10998,Booker,Booth,1997-10-27 00:00:00.000000,1184,2
10658,Emerson,Mathis,1970-08-11 00:00:00.000000,91,2
10764,Willodean,Calhoun,1992-06-09 00:00:00.000000,123,1
10451,Kurtis,Hanson,1965-08-08 00:00:00.000000,625,2
10302,Lexie,Hendrix,1996-03-28 00:00:00.000000,405,1
10624,Valene,Welch,1969-02-23 00:00:00.000000,655,3
10494,Michel,Snider,1965-12-28 00:00:00.000000,1061,2
10986,Hertha,Harmon,1961-11-17 00:00:00.000000,628,3
10359,Loris,Chase,1970-08-31 00:00:00.000000,455,3
11098,Amee,York,1976-02-19 00:00:00.000000,85,2
10907,Carlee,Bradley,1960-10-24 00:00:00.000000,542,1
10785,Cornell,Rosales,1961-07-22 00:00:00.000000,869,1
10877,Londa,Sanchez,1986-04-19 00:00:00.000000,324,2
10256,Leopoldo,Sweney,1991-01-04 00:00:00.000000,1124,2
10331,Lynelle,Dyer,1990-05-22 00:00:00.000000,575,2
10421,Dann,Gilbert,1986-01-08 00:00:00.000000,792,3
11062,Yevette,Fernandez,1964-07-24 00:00:00.000000,298,2
11039,Loren,Becker,1989-08-26 00:00:00.000000,914,1
10773,Marchelle,Sexton,1972-03-14 00:00:00.000000,932,3
10552,Colby,Harmon,1961-04-09 00:00:00.000000,903,2
10842,Sherilyn,Middleton,1992-08-08 00:00:00.000000,354,2
10526,Roman,Mcclain,1992-07-25 00:00:00.000000,1031,2
11081,Sirena,Freeman,1978-03-10 00:00:00.000000,822,3
10317,Michelina,Barber,1979-08-27 00:00:00.000000,1115,3
10334,Zandra,Soto,1973-10-23 00:00:00.000000,50,1
10202,Elizabeth,Tillman,1977-01-07 00:00:00.000000,261,1
10583,Jeff,Rojas,1971-10-11 00:00:00.000000,306,1
11034,Gonzalo,Rocha,1986-10-15 00:00:00.000000,463,3
10268,Yahaira,Landry,1990-04-21 00:00:00.000000,641,1
10040,Nenita,O'connor,1980-07-03 00:00:00.000000,1127,1
10007,Rick,Rollins,1962-11-03 00:00:00.000000,762,1
10329,Gwyn,Schneider,1995-06-28 00:00:00.000000,1132,2
10250,Albertine,Baxter,1980-12-10 00:00:00.000000,976,1
10549,Ray,Phelps,1977-08-05 00:00:00.000000,393,2
10071,Brady,Irwin,1996-08-11 00:00:00.000000,163,1
11067,Nicky,Parrish,1988-03-10 00:00:00.000000,556,3
10113,Gaynelle,Mckee,1974-09-20 00:00:00.000000,130,1
11021,Chanelle,Allen,1981-12-18 00:00:00.000000,98,2
10193,Otha,Heath,1982-10-04 00:00:00.000000,753,2
10056,Murray,Salazar,1975-08-14 00:00:00.000000,509,2
10969,Wenona,Newton,1982-07-19 00:00:00.000000,264,2
10143,Carol,Forbes,1981-07-03 00:00:00.000000,902,1
10970,Deandrea,Mckinney,1981-08-03 00:00:00.000000,60,3
10095,Vernetta,Hooper,1972-05-18 00:00:00.000000,408,1
11019,Brain,Tucker,1987-10-08 00:00:00.000000,665,2
10632,Kenton,Francis,1998-09-08 00:00:00.000000,1209,3
10106,Jenine,Conner,2000-01-05 00:00:00.000000,1180,3
10943,Chang,Mckee,1963-06-09 00:00:00.000000,381,1
10482,Jetta,Vang,1999-07-19 00:00:00.000000,1186,2
10506,Taylor,Barry,1972-03-07 00:00:00.000000,151,1
10537,Ivory,Carter,1996-05-24 00:00:00.000000,145,2
10798,Virgilio,Singleton,1999-07-14 00:00:00.000000,299,3
10351,Valene,Perry,1967-06-18 00:00:00.000000,524,1
10135,Ramiro,Hodge,1973-05-18 00:00:00.000000,1190,1
10914,Tien,Dale,1983-09-13 00:00:00.000000,697,1
10650,Inger,Burt,1962-06-10 00:00:00.000000,3,3
10879,Ivan,Morton,1996-07-13 00:00:00.000000,1035,2
10127,Jamie,Lynn,1978-11-25 00:00:00.000000,325,1
11087,,Cortez,1969-10-14 00:00:00.000000,63,3
10049,Gema,Mckenzie,1980-09-16 00:00:00.000000,869,1
10882,Latrisha,Maxwell,2025-10-06 15:01:42.854835,520,3
10073,Armanda,Mcguire,1991-07-09 00:00:00.000000,1109,2
10844,Crissy,Mcclain,1985-01-13 00:00:00.000000,359,3
10841,Marty,Berger,1969-12-25 00:00:00.000000,684,2
10435,Teddy,Harmon,1970-06-12 00:00:00.000000,745,3
10653,Faviola,Robertson,NaT,1067,2
10505,Audrie,Juarez,NaT,779,1
10124,Arlinda,Franks,1970-11-06 00:00:00.000000,171,1
10756,Miesha,Thornton,1975-05-28 00:00:00.000000,869,1
10567,Federico,Vaughn,1982-02-13 00:00:00.000000,635,3
10909,Nathanael,Flynn,1962-03-23 00:00:00.000000,900,3
10736,Cindie,Alston,2000-05-24 00:00:00.000000,98,2
10779,Amal,Drake,1980-01-26 00:00:00.000000,595,2
10865,Aurore,Dominguez,1976-09-16 00:00:00.000000,280,1
10724,Shan,Robertson,1974-06-27 00:00:00.000000,413,2
11011,Shanae,Holden,1976-04-19 00:00:00.000000,363,3
11025,Romeo,Huff,1993-11-13 00:00:00.000000,12,2
11008,Albertine,Moore,1964-06-27 00:00:00.000000,558,3
10276,Rachell,Puckett,1978-12-24 00:00:00.000000,1122,2
10175,Chance,Chavez,1993-05-07 00:00:00.000000,1018,3
10402,Jacqulyn,Hansen,1968-09-29 00:00:00.000000,737,1
10933,Anthony,Hurley,1980-12-30 00:00:00.000000,369,3
10993,Rana,Briggs,1988-09-19 00:00:00.000000,1176,2
10139,Lynna,,07.04.1981,439,1
10828,Zita,,1969-11-25 00:00:00.000000,54,1
11032,Terina,King,1971-03-01 00:00:00.000000,145,3
11063,Doria,Booth,1988-09-03 00:00:00.000000,220,2
11061,Stuart,Justice,1966-07-27 00:00:00.000000,627,3
10180,Mario,Shepherd,1975-05-03 00:00:00.000000,892,1
10365,Ariel,Parks,1985/07/09,1001,2
10432,,Morton,1996-08-08 00:00:00.000000,1188,3
11005,Kenneth,Sampson,1970-02-10 00:00:00.000000,328,2
10937,Wes,Gamble,1970-10-05 00:00:00.000000,1047,1
10206,Courtney,Martinez,1968-05-25 00:00:00.000000,506,1
10686,Mellie,Walker,1978-09-22 00:00:00.000000,1022,2
10071,Brady,Irwin,1996-08-11 00:00:00.000000,163,1
10227,Edison,Mcclain,1979-02-03 00:00:00.000000,531,3
10431,Sima,Cleveland,1995-10-18 00:00:00.000000,327,3
10876,Curtis,Vasquez,1983-10-22 00:00:00.000000,1200,2
10890,,Warner,1969-02-05 00:00:00.000000,746,3
10739,Bronwyn,Hatfield,1987-11-04 00:00:00.000000,927,3
10963,Dirk,Baldwin,1973-12-16 00:00:00.000000,490,1
10481,Jewell,Richmond,1961-02-25 00:00:00.000000,536,3
11053,Morgan,Terry,1985-07-18 00:00:00.000000,1138,3
10670,Mozella,Bentley,1977-03-06 00:00:00.000000,837,2
10727,Alessandra,Moreno,1969-01-04 00:00:00.000000,818,1
10702,Thresa,Hopkins,1998-09-16 00:00:00.000000,517,2
10024,Nichol,Bullock,1960-04-12 00:00:00.000000,1142,3
10500,Chauncey,Ward,02/11/1970,1062,2
10901,Dong,Charles,1961-01-12 00:00:00.000000,1003,1
10197,Celestina,Mullins,1987-06-18 00:00:00.000000,1093,1
10121,Gary,Berry,1964-08-11 00:00:00.000000,360,3
10039,Jarred,Valentine,1961-07-10 00:00:00.000000,776,3
10006,Fumiko,Case,1983-01-23 00:00:00.000000,623,3
10023,Kayleigh,Hartman,1978-04-20 00:00:00.000000,283,2
10604,,Boyle,1965-10-18 00:00:00.000000,1149,3
10266,Sadye,Barnes,1963-03-31 00:00:00.000000,230,1
10410,Jean,Albert,1967-04-15 00:00:00.000000,700,2
10283,Pauletta,Whitney,1991-01-05 00:00:00.000000,449,3
10387,Lynetta,Reese,1968-03-24 00:00:00.000000,447,3
11023,Antwan,Mclean,2000-11-19 00:00:00.000000,981,3
10249,Archie,Good,1998-06-29 00:00:00.000000,675,3
10217,Tiesha,West,1988-03-23 00:00:00.000000,209,3
10554,Eloda,Hester,1965-09-08 00:00:00.000000,15,1
10972,My,Herring,1974-09-08 00:00:00.000000,192,3
10547,Dusti,Maldonado,1996-10-03 00:00:00.000000,943,2
10566,Dusty,Guzman,1999-05-13 00:00:00.000000,82,1
10513,Song,Ellis,1978-09-16 00:00:00.000000,983,1
10850,Laine,Montgomery,1989-08-28 00:00:00.000000,1115,3
10151,Sherwood,Kemp,1997-05-25 00:00:00.000000,557,1
10984,Valentine,Spencer,1960-10-11 00:00:00.000000,1075,3
10534,,Wiggins,1962-10-05 00:00:00.000000,741,3
11086,Kurt,Mack,1960-04-03 00:00:00.000000,759,1
10703,Larry,Hughes,1971-05-24 00:00:00.000000,755,2
10615,Yong,Gentry,1979-04-23 00:00:00.000000,653,3
10735,Jonas,Santiago,1996-01-06 00:00:00.000000,1015,3
10542,Mitch,Fry,1970-09-16 00:00:00.000000,1007,3
10563,Jay,Lyons,1960-05-20 00:00:00.000000,173,2
10603,Harley,Yates,1994-07-25 00:00:00.000000,825,2
10183,Martin,Cox,1967-09-17 00:00:00.000000,670,2
10921,Donovan,Wynn,1995-06-28 00:00:00.000000,542,3
10068,Micha,Salinas,1995-04-14 00:00:00.000000,1183,1
10535,Muoi,Horton,1966-03-07 00:00:00.000000,843,2
10896,Kurt,Dominguez,1995-02-14 00:00:00.000000,927,2
10000,Maybell,Acevedo,1979-12-27 00:00:00.000000,1021,2
10708,Mitsuko,Hatfield,1968-07-22 00:00:00.000000,794,1
10590,Gilberto,Winters,1988-09-23 00:00:00.000000,501,1
10663,Keven,Holden,1976-09-19 00:00:00.000000,815,2
10219,Glayds,Garcia,1993-10-15 00:00:00.000000,408,2
10647,Jerica,Merrill,2000-08-28 00:00:00.000000,1055,2
10393,Bebe,Marquez,1981-03-20 00:00:00.000000,803,1
10316,Katia,Calhoun,1967-09-05 00:00:00.000000,114,1
10753,Kathyrn,Simmons,1999-09-26 00:00:00.000000,510,3
10287,Lorean,Mccarthy,1995-01-22 00:00:00.000000,883,3
10758,Reita,Knowles,1991-11-04 00:00:00.000000,591,1
10934,Danika,Barton,1994-09-28 00:00:00.000000,370,3
10363,Cruz,Sampson,1997-07-13 00:00:00.000000,770,3
10745,Horace,David,1983-02-18 00:00:00.000000,997,3
10962,Jamar,Tyler,1992-08-12 00:00:00.000000,747,3
10412,Trudi,Torres,1987-12-18 00:00:00.000000,79,2
10965,Aracelis,Hubbard,1978-11-03 00:00:00.000000,1049,3
10981,Gil,Rice,1985-01-03 00:00:00.000000,1127,2
10669,,Keith,1998-02-28 00:00:00.000000,715,1
10159,Tenesha,Skinner,1960-08-10 00:00:00.000000,572,2
10235,Alane,Payne,1972-10-03 00:00:00.000000,891,1
10982,Joella,Francis,1967-07-18 00:00:00.000000,413,1
10415,Lamont,Juarez,1997-04-08 00:00:00.000000,501,3
10589,Elias,Sherman,2026-03-09 15:01:42.854835,185,2
10709,Cristobal,Copeland,1995-02-16 00:00:00.000000,475,3
10920,Kaleigh,Wilkinson,1967-09-20 00:00:00.000000,906,3
10261,Stuart,Rogers,1973-03-17 00:00:00.000000,443,3
10263,Jame,Rodriguez,1963-07-01 00:00:00.000000,643,1
10092,Clemente,Dawson,1992-07-16 00:00:00.000000,405,1
10278,Norberto,Duran,1991-05-09 00:00:00.000000,156,3
10137,Allan,Meadows,1962-04-24 00:00:00.000000,148,2
10936,Albert,Gay,1981-05-06 00:00:00.000000,665,1
10814,Sindy,Schultz,1978-08-01 00:00:00.000000,428,1
10951,Tarah,Rosa,1962-02-27 00:00:00.000000,331,2
10806,Justin,Hicks,1975-09-08 00:00:00.000000,454,2
10388,Luther,Nelson,1988-03-02 00:00:00.000000,549,1
10037,Anthony,Slater,1986-12-01 00:00:00.000000,661,1
10414,Nga,Holt,1964-11-29 00:00:00.000000,133,3
10108,Keenan,WaTters,1997-05-11 00:00:00.000000,269,3
10111,Micha,Herrera,1993-10-09 00:00:00.000000,531,3
11049,Vannessa,Manning,1967-06-07 00:00:00.000000,1093,1
10573,Johnny,Estes,1995-01-19 00:00:00.000000,774,3
10333,,Rush,1973-07-17 00:00:00.000000,540,3
11073,Beau,Williams,1994-02-15 00:00:00.000000,494,3
10079,Dave,Alvarez,1981-11-29 00:00:00.000000,452,2
10752,Dan,Mayo,1997-04-22 00:00:00.000000,974,3
10059,David,Campbell,1981-05-09 00:00:00.000000,6,2
10177,Nga,Kirby,1969-02-15 00:00:00.000000,430,3
10052,Roseline,O'neill,1966-08-29 00:00:00.000000,863,3
11004,Tyler,Burt,1977-04-30 00:00:00.000000,898,1
10498,Josiah,Russell,1967-05-10 00:00:00.000000,750,1
10452,Cleotilde,Griffith,1962-08-03 00:00:00.000000,747,2
10460,Sherly,Spears,1985-11-18 00:00:00.000000,627,1
10439,Larraine,Estes,1979-05-22 00:00:00.000000,798,1
10448,Sana,Patrick,1984-02-03 00:00:00.000000,1073,1
10931,,Gill,1965-05-27 00:00:00.000000,600,3
10379,Blondell,Britt,1984-05-28 00:00:00.000000,683,2
10657,Eddie,Hayes,1995-09-29 00:00:00.000000,1127,3
11041,Teodoro,,1979-08-07 00:00:00.000000,433,2
10290,Gus,Holman,1966-12-02 00:00:00.000000,797,1
10464,Loyce,Prince,1991-08-03 00:00:00.000000,423,3
10070,Augustus,Patrick,1988-04-17 00:00:00.000000,434,1
10413,Alejandrina,Church,1990-05-05 00:00:00.000000,149,1
10633,Cherryl,Stephens,1979-04-03 00:00:00.000000,571,3
10515,Eloy,Chaney,NaT,373,3
10782,Kimberli,Dunn,1963-12-28 00:00:00.000000,42,3
10242,Jean,Richards,1981-09-23 00:00:00.000000,69,2
10221,Kasey,Berger,1961-12-03 00:00:00.000000,132,1
10734,Melita,Leach,1981-10-26 00:00:00.000000,746,1
10928,Joshua,Hanson,1978-12-18 00:00:00.000000,695,1
10955,Allena,Sears,1971-01-25 00:00:00.000000,272,3
10085,Jeffrey,Willis,1993-06-04 00:00:00.000000,59,2
10815,Eduardo,Keith,1963-10-06 00:00:00.000000,411,2
10277,Douglas,Schultz,1997-02-02 00:00:00.000000,87,3
10550,Sacha,Peters,1989-11-14 00:00:00.000000,692,3
10767,Noah,Simpson,1981-10-21 00:00:00.000000,432,3
10213,Jerrell,Morton,1998-06-29 00:00:00.000000,674,1
10002,Romeo,,1985-03-30 00:00:00.000000,392,1
10754,Lane,Rice,1967-10-07 00:00:00.000000,78,3
10275,Noma,Chang,1977-08-04 00:00:00.000000,748,2
10245,Harold,Pope,1965-01-01 00:00:00.000000,994,3
10230,Janita,Lucas,1967-09-09 00:00:00.000000,578,3
10407,Mozell,Trujillo,1996-02-19 00:00:00.000000,210,2
10514,Nevada,Justice,1986-09-12 00:00:00.000000,1018,1
10989,Lindsay,Booker,1992-12-07 00:00:00.000000,334,2
11001,Inocencia,Flowers,1983-01-07 00:00:00.000000,747,1
10892,Faustino,Ford,1975-10-31 00:00:00.000000,471,3
10508,Jamee,Richmond,1961-05-24 00:00:00.000000,580,3
10303,Mora,Palmer,1979-02-01 00:00:00.000000,620,2
10878,Douglas,Schwartz,1975-10-14 00:00:00.000000,109,2
11047,Babara,Mclean,1961-11-19 00:00:00.000000,456,3
10097,Kallie,Travis,1981-03-15 00:00:00.000000,649,3
10980,,Tucker,1971-05-09 00:00:00.000000,423,2
10335,Brandon,Mayo,1963-10-14 00:00:00.000000,381,2
10795,Damion,Montgomery,1987-07-08 00:00:00.000000,950,1
10194,Malka,Pitts,1987-05-07 00:00:00.000000,1200,3
10153,Duane,Haley,1983-09-05 00:00:00.000000,195,3
10074,Margorie,Wiley,1992-04-04 00:00:00.000000,222,3
10630,Jospeh,Hill,1964-07-23 00:00:00.000000,255,2
11094,Tai,Delaney,1981-12-04 00:00:00.000000,1168,1
10126,Jere,Wynn,1981-07-28 00:00:00.000000,1170,1
10771,Darron,Cardenas,1990-01-29 00:00:00.000000,499,2
10214,Jonie,Price,1986-10-28 00:00:00.000000,1103,3
10082,Nickole,Harvey,1980-07-25 00:00:00.000000,630,2
10977,Armando,Parks,1967-01-13 00:00:00.000000,769,1
10166,Alfred,Mcgee,1994-03-06 00:00:00.000000,467,3
10158,Andre,Barron,1971-02-20 00:00:00.000000,149,3
10744,Chi,Jensen,1967-05-31 00:00:00.000000,782,2
10286,Herbert,Stein,1970-03-07 00:00:00.000000,161,2
10156,Albert,Gordon,1983-07-16 00:00:00.000000,608,1
10662,Armand,Wallace,1963-03-19 00:00:00.000000,965,3
10959,Larisa,Salas,1964-02-03 00:00:00.000000,160,3
10058,Alexis,Goodwin,1964-12-12 00:00:00.000000,409,1
11002,Bryan,,NaT,534,3
11040,Arlette,Carpenter,1966-08-13 00:00:00.000000,826,2
10308,Ricarda,Bond,1991-07-28 00:00:00.000000,712,3
10631,Eddy,Tran,1969-11-25 00:00:00.000000,906,2
11016,Royce,Cook,1994-02-23 00:00:00.000000,15,3
10269,Raleigh,Price,1977-03-16 00:00:00.000000,1177,3
10470,Joline,Simpson,1999-12-13 00:00:00.000000,422,3
10189,Ula,Bupns,NaT,603,3
10954,Gregorio,Nolan,1977-09-30 00:00:00.000000,964,3
10697,Paul,Munoz,1975-01-04 00:00:00.000000,1032,2
10824,Margarito,Woodard,1979-04-26 00:00:00.000000,237,1
10377,Magaly,Mccullough,NaT,333,2
10325,Ted,Walton,1961-08-30 00:00:00.000000,499,2
10328,Laverna,Hernandez,1966-06-18 00:00:00.000000,619,3
10254,Nubia,Kane,1986-08-20 00:00:00.000000,389,2
10545,Marquitta,Velasquez,1975-09-01 00:00:00.000000,1053,2
10942,Viki,Dotson,1972-10-05 00:00:00.000000,785,1
10690,Emerita,Villarreal,NaT,59,3
10485,Leana,Fitzgerald,1982-06-17 00:00:00.000000,61,1
10510,Suzi,Page,1994-08-30 00:00:00.000000,940,3
11051,Sherman,Macdonald,1966-10-09 00:00:00.000000,904,3
10516,Keva,Mcneil,1989-11-30 00:00:00.000000,766,2
10979,Hermine,Mcmahon,1986-07-04 00:00:00.000000,1001,1
10343,Javier,Hurst,2000-12-22 00:00:00.000000,573,1
10978,An,Gibbs,1971-11-13 00:00:00.000000,1115,1
10486,Ethelene,Skinner,1990-12-29 00:00:00.000000,385,3
10570,Michale,Duffy,1966-09-11 00:00:00.000000,683,1
10054,Shon,Farrell,1965-01-09 00:00:00.000000,871,3
10654,Claribel,Clayton,1993-11-10 00:00:00.000000,466,1
10786,Pamella,Hernandez,1993-02-05 00:00:00.000000,1168,1
10716,Mikaela,Weber,1980-03-04 00:00:00.000000,1015,2
10862,Royal,Burris,1999-12-06 00:00:00.000000,525,1
10031,Rozanne,Bradford,1977-11-19 00:00:00.000000,256,2
10717,Jacelyn,Sloan,1988-09-08 00:00:00.000000,215,2
10705,Johna,Trujillo,2000-06-21 00:00:00.000000,536,3
10558,Xochitl,Sandoval,1992-01-23 00:00:00.000000,1185,2
10973,Shane,Burnett,1965-06-26 00:00:00.000000,937,3
11018,Katherina,Woods,1980-11-14 00:00:00.000000,29,3
10772,Mariko,Mcknight,1997-06-19 00:00:00.000000,626,3
10932,Clorinda,Saunders,1975-12-16 00:00:00.000000,324,1
10950,Kermit,Sherman,1996-06-12 00:00:00.000000,361,2
10314,Lynwood,Chambers,1972-07-09 00:00:00.000000,1165,2
10880,Catherina,Cantu,1961-05-27 00:00:00.000000,393,3
10674,Lashaun,Love,1970-09-15 00:00:00.000000,656,3
10022,Jorge,Todd,1960-03-17 00:00:00.000000,825,1
10218,Garry,Walker,1974-09-05 00:00:00.000000,1102,1
10169,Delena,Mathews,1975-06-18 00:00:00.000000,280,2
10192,Trey,Rivers,2000-03-21 00:00:00.000000,447,3
10908,Deedra,Dudley,1969-11-29 00:00:00.000000,336,1
10634,Lekisha,Silva,1988-05-18 00:00:00.000000,1152,2
10851,Tyron,Workman,1977-07-10 00:00:00.000000,348,1
10731,Shaneka,Stout,1977-01-28 00:00:00.000000,88,2
10375,Will,Daugherty,1978-10-20 00:00:00.000000,294,2
10893,Roosevelt,Wilkinson,1995-05-10 00:00:00.000000,654,3
10348,Malisa,Mcneil,1972-02-07 00:00:00.000000,358,2
10557,Loyd,Baird,1963-02-04 00:00:00.000000,47,2
10797,Thomas,Rocha,NaT,732,3
10948,Emeline,Levy,1976-02-13 00:00:00.000000,844,3
10617,Jeannetta,Mercado,1983-07-04 00:00:00.000000,774,3
10884,Fredricka,Mercado,1993-01-24 00:00:00.000000,393,1
10011,Vernon,Wade,1969-04-02 00:00:00.000000,282,2
10749,Ayako,Sweet,1991-09-10 00:00:00.000000,1177,2
10210,Annamaria,Delaney,1986-04-01 00:00:00.000000,1101,1
11044,Chang,Atkinson,1992-03-20 00:00:00.000000,566,1
10060,Teisha,Watson,1972-05-31 00:00:00.000000,61,3
10608,Val,Lyons,1980-07-14 00:00:00.000000,261,1
11091,Hang,Henderson,1984-07-17 00:00:00.000000,540,3
10184,Tinisha,Velez,1963-07-30 00:00:00.000000,774,2
10661,Marcelo,Mosley,1968-08-04 00:00:00.000000,161,2
10768,Ling,Savage,1986-11-08 00:00:00.000000,777,2
10625,Laurice,Shannon,1983-09-19 00:00:00.000000,1134,1
10225,Britt,Hamilton,1973-07-09 00:00:00.000000,328,1
10186,Petrina,Buckner,1982-09-24 00:00:00.000000,742,2
10026,Long,Aguilar,1968-07-05 00:00:00.000000,746,2
11015,Barrett,Wise,1969-10-03 00:00:00.000000,335,1
10391,Cammy,Melton,1981-04-03 00:00:00.000000,916,1
10787,Darrick,Adkins,1993-05-04 00:00:00.000000,477,2
10897,Yessenia,Charles,1975-09-01 00:00:00.000000,131,2
10612,Eli,Welch,1982-09-04 00:00:00.000000,356,3
10463,Carl,Rogers,1979-07-06 00:00:00.000000,1062,3
10309,Jaymie,Harvey,1988-09-06 00:00:00.000000,859,1
10958,Tawny,Holder,1967-01-13 00:00:00.000000,1061,2
10946,Cleopatra,Rocha,1998-04-10 00:00:00.000000,66,2
10061,Mickey,Austin,1973-09-02 00:00:00.000000,349,1
11096,Lenard,Banks,1972-02-06 00:00:00.000000,503,3
10344,Weston,Benson,1974-04-01 00:00:00.000000,103,3
10012,Deedra,Keith,1970-08-28 00:00:00.000000,76,2
10636,Buster,Peters,1980-03-18 00:00:00.000000,459,2
10710,Michel,Wall,09/12/1982,831,2
10728,Linn,Everett,1977-06-22 00:00:00.000000,957,3
10810,Mauro,Quinn,1993-09-10 00:00:00.000000,1143,2
10246,Carmelo,Moses,1996-05-09 00:00:00.000000,997,1
11072,Murray,Irwin,1999-07-25 00:00:00.000000,977,2
10995,Edwardo,Kane,1973-09-05 00:00:00.000000,934,2
10780,Timothy,Barnett,2000-07-07 00:00:00.000000,1006,3
10288,Kaila,Woods,1978-04-18 00:00:00.000000,730,1
10885,Delorse,Briggs,1972-06-10 00:00:00.000000,428,1
10055,Coletta,Wong,1990-05-07 00:00:00.000000,279,1
10327,Lashawna,Medina,NaT,869,3
11099,Mammie,Carr,1998-10-04 00:00:00.000000,156,1
10895,Marya,Robertson,1995-10-15 00:00:00.000000,923,3
10264,Sheldon,Koch,1971-12-08 00:00:00.000000,520,1
10015,Alonso,Huffman,1972-01-30 00:00:00.000000,829,2
10083,Ronald,Burks,1960-02-10 00:00:00.000000,244,1
11013,Irwin,Lindsey,1997-10-14 00:00:00.000000,1032,3
11084,Miki,Combs,1967-06-27 00:00:00.000000,308,3
10465,Sharika,Gegory,1987-11-12 00:00:00.000000,967,2
10398,Grover,Curtis,1997-08-24 00:00:00.000000,340,3
10350,Scott,Dunlap,1991-09-02 00:00:00.000000,831,3
10357,Tyree,Rojas,1993-09-03 00:00:00.000000,330,2
10927,Clark,Stuart,1960-08-21 00:00:00.000000,229,2
10323,Alaine,Russell,1964-10-31 00:00:00.000000,643,3
10306,aanny,Cleveland,1991-12-06 00:00:00.000000,380,3
10935,Mel,Humphrey,1971-08-08 00:00:00.000000,616,3
10887,Samuel,Frost,1963-10-01 00:00:00.000000,822,3
10260,Celinda,Dillon,1991-01-06 00:00:00.000000,1071,3
10543,Faustina,Irwin,1979-06-10 00:00:00.000000,966,1
10721,Kit,Bowman,2000-02-13 00:00:00.000000,361,2
10310,Sunday,Shannon,1980-05-25 00:00:00.000000,210,3
10637,Oswaldo,Pruitt,1988-01-21 00:00:00.000000,871,1
10521,Sandy,Mayer,1994-08-17 00:00:00.000000,1032,2
10035,Dierdre,Bird,1962-04-10 00:00:00.000000,965,3
10711,Shona,Snow,1965-12-08 00:00:00.000000,307,1
10016,Jarvis,Ratliff,1991-01-10 00:00:00.000000,412,1
10873,Mika,Young,1976-10-16 00:00:00.000000,838,2
10157,Soo,Frazier,1966-07-23 00:00:00.000000,1099,2
10146,Armando,Guzman,1982-08-13 00:00:00.000000,830,1
10501,Galina,Mathis,1988-11-04 00:00:00.000000,1061,1
10750,Willis,Haney,1989/03/17,169,1
10289,Brice,Lowe,1989-02-06 00:00:00.000000,951,3
10115,Dione,Avila,1981-08-11 00:00:00.000000,233,1
10919,Tiffiny,Dunn,1998-08-02 00:00:00.000000,833,2
10528,Joannie,Knight,1996-07-13 00:00:00.000000,475,1
10930,Sal,Ingram,1970-03-31 00:00:00.000000,698,3
10147,Vincenzo,Snyder,1996-04-21 00:00:00.000000,717,2
10591,Alonzo,Miller,1975-08-11 00:00:00.000000,788,2
10212,Elwood,Rogers,1984-02-29 00:00:00.000000,589,1
10967,,Benton,1999-02-27 00:00:00.000000,820,2
10762,Rocco,Moses,1981-06-09 00:00:00.000000,719,3
11017,Mitchel,Cook,1978-09-13 00:00:00.000000,1088,3
10258,Francis,Mitchell,2000-01-29 00:00:00.000000,958,1
10438,Calandra,Branch,2000-06-12 00:00:00.000000,867,3
10185,Neely,Barron,1988-08-09 00:00:00.000000,853,3
10291,Kareem,Peterson,1989-04-18 00:00:00.000000,713,3
10352,Cher,Cooke,1977-09-10 00:00:00.000000,38,2
10386,Brendan,Reid,2000-03-22 00:00:00.000000,1005,1
10324,Burma,Roy,1966-07-27 00:00:00.000000,1172,2
10872,Lucilla,Browning,1989-04-27 00:00:00.000000,684,1
10489,Joan,Aguirre,1961-04-11 00:00:00.000000,200,1
10374,Leo,Burke,2026-07-06 15:01:42.854835,775,1
10441,Brendan,Bridges,1990-08-17 00:00:00.000000,227,3
11090,Codi,Nunez,1982-02-24 00:00:00.000000,867,2
10757,Danae,Shannon,1964-11-21 00:00:00.000000,208,1
10586,Troy,Hatfield,1976-11-02 00:00:00.000000,1011,2
11080,Sang,Bailey,1986-10-26 00:00:00.000000,216,3
10132,Jerrell,Buckley,1986-03-19 00:00:00.000000,790,1
10804,Arden,Hebert,1987-06-16 00:00:00.000000,477,2
10845,Rosy,Price,1962-04-04 00:00:00.000000,435,2
10835,Marketta,Bush,1995-10-01 00:00:00.000000,1087,1
10645,Lavonia,Blankenship,1992-10-29 00:00:00.000000,816,1
10403,Shakita,House,1986-07-14 00:00:00.000000,1113,1
10629,Hector,Austin,1984-03-07 00:00:00.000000,346,2
10618,Sonny,Sellers,1976-02-21 00:00:00.000000,746,2
10751,Kory,Collins,1961-09-05 00:00:00.000000,6,3
10378,Maryetta,York,1977-03-13 00:00:00.000000,542,1
10996,Fausto,Aguirre,1984-03-27 00:00:00.000000,453,1
10366,Burma,Wells,1993-11-22 00:00:00.000000,93,3
10646,Hedy,Knapp,1990-05-28 00:00:00.000000,997,3
10807,Theresia,Valenzuela,1984-12-10 00:00:00.000000,263,1
10883,Tijuana,Lynn,1984-09-03 00:00:00.000000,982,3
10050,Matthew,Love,1985-07-12 00:00:00.000000,638,2
10051,Georgiann,Robinson,1962-02-05 00:00:00.000000,974,2
10766,Anisha,Delacruz,1969-10-09 00:00:00.000000,91,3
10614,Daron,Huffman,1970-03-25 00:00:00.000000,1185,2
10370,Austin,Pate,1966-11-01 00:00:00.000000,1087,3
10312,Amira,Keith,1962-03-25 00:00:00.000000,754,2
10635,Carter,Vasquez,1988-03-21 00:00:00.000000,324,1
10008,Gregg,Stephens,1996-05-17 00:00:00.000000,597,1
10271,Elvis,Conrad,1987-05-25 00:00:00.000000,233,3
10839,Herta,Roberson,1974-12-25 00:00:00.000000,714,3
10774,Lenna,Workman,1987-12-29 00:00:00.000000,550,1
10207,Shirley,Palmer,1988-02-03 00:00:00.000000,474,2
10497,Dexter,Wilkins,1982-01-30 00:00:00.000000,1016,2
10461,Norah,Duncan,1991-09-10 00:00:00.000000,640,3
10471,Merrilee,Contreras,1984-11-28 00:00:00.000000,212,1
10665,Jewell,Ballard,1987-04-26 00:00:00.000000,767,1
10733,Keith,Ferguson,1967-07-11 00:00:00.000000,310,3
10913,Barrett,Brown,1965-08-24 00:00:00.000000,902,2
10300,Ivory,Patterson,1970-07-04 00:00:00.000000,927,2
10354,Brian,Holcomb,1992-02-21 00:00:00.000000,529,3
11010,Elliott,Moran,1969-03-20 00:00:00.000000,616,1
10649,Lakeesha,Patton,1990-06-25 00:00:00.000000,1151,2
10274,Tonette,Montgomery,1988-05-31 00:00:00.000000,581,2
10397,Micah,Estrada,1961-02-22 00:00:00.000000,63,2
10747,Aldo,Mann,1975-05-23 00:00:00.000000,608,3
10103,Elza,Whitehead,1965-03-18 00:00:00.000000,229,3
10078,Lisbeth,Townsend,1977-12-28 00:00:00.000000,304,1
10356,Laveta,Livingston,1977-04-26 00:00:00.000000,424,2
10820,Bennett,Moody,1982-09-25 00:00:00.000000,545,3
10569,Madalyn,Perkins,2025-10-29 15:01:42.854835,64,1
10940,Minna,Mccall,1964-05-13 00:00:00.000000,1208,2
11022,Gaston,Reed,1993-10-26 00:00:00.000000,982,3
10201,Kizzie,Dyer,1978-06-11 00:00:00.000000,511,2
10110,Teodora,Ellis,1976-06-25 00:00:00.000000,1130,2
10746,Giovanni,Jarvis,1995-03-22 00:00:00.000000,48,3
10562,Renetta,Deleon,NaT,313,3
10582,Milton,Powell,1964-12-19 00:00:00.000000,934,1
10600,Genevive,Knapp,1990-05-04 00:00:00.000000,1106,1
10062,Antonina,Barber,1993-04-01 00:00:00.000000,996,2
10174,Mathew,Chandler,1985-07-23 00:00:00.000000,32,3
10047,Lucius,Marks,1974-10-13 00:00:00.000000,601,1
10065,Shea,Park,1969-01-17 00:00:00.000000,153,3
10833,Ignacio,Curtis,1985-11-04 00:00:00.000000,202,3
10089,Barrett,Fischer,1987-11-29 00:00:00.000000,31,3
10638,Tommy,Holland,1963-05-02 00:00:00.000000,902,2
10585,Lashaunda,2aller,1976-03-27 00:00:00.000000,573,2
11050,Sharee,Golden,1991-11-02 00:00:00.000000,108,1
10029,Maile,Harper,1966-08-01 00:00:00.000000,989,2
10255,Raleigh,Randolph,1966-11-06 00:00:00.000000,839,1
10336,Rana,Lee,1967-01-12 00:00:00.000000,240,2
10802,Necole,Rich,1984-04-11 00:00:00.000000,708,3
10339,Andrea,Park,1994-04-20 00:00:00.000000,934,2
10729,CarCy,Nichols,NaT,878,3
10602,Kristofer,Anderson,1979-11-12 00:00:00.000000,1138,2
10098,Bobbie,Underwood,1970-11-01 00:00:00.000000,976,1
10476,Ruben,Graves,1961-03-22 00:00:00.000000,471,2
10273,Reuben,Donovan,1978-11-20 00:00:00.000000,1178,2
10726,Ernest,Gibbs,1990-06-04 00:00:00.000000,657,3
11088,Anjanette,Harper,1973-09-22 00:00:00.000000,931,3
10530,Louanne,Crosby,1969-09-27 00:00:00.000000,425,2
10698,Darron,Montgomery,1961-03-27 00:00:00.000000,869,2
10644,Kasi,Frazier,1999-10-27 00:00:00.000000,575,3
10975,Les,Juarez,1992-07-18 00:00:00.000000,1056,2
10330,Joya,Dotson,1995-10-01 00:00:00.000000,1033,2
10831,Tyler,Bean,1981-04-23 00:00:00.000000,110,2
11085,Rayford,May,1985-07-14 00:00:00.000000,1035,1
10322,Alaine,Knox,1998-09-01 00:00:00.000000,530,1
11038,Jacquelynn,Cobb,1984-09-04 00:00:00.000000,862,2
10034,Kimbery,Sherman,1980-02-24 00:00:00.000000,1056,2
10442,Quinn,Herman,1984-05-07 00:00:00.000000,497,1
10056,Murray,Salazar,1975-08-14 00:00:00.000000,509,2
10215,Eugenio,Peters,2026-01-07 15:01:42.854835,582,3
10994,Chang,Delgado,1962-10-23 00:00:00.000000,392,2
10224,Kandra,Harmon,1966-07-31 00:00:00.000000,533,1
10619,Solomon,Vasquez,1973-11-24 00:00:00.000000,1134,1
10518,Apolonia,Prince,1981-03-26 00:00:00.000000,476,3
10620,Grisel,Wallace,1978-04-09 00:00:00.000000,288,3
10087,Drew,Moran,1989-10-08 00:00:00.000000,642,2
10944,Annika,Beard,1961-11-12 00:00:00.000000,910,3
10945,Cleveland,Valenzuela,1985-09-21 00:00:00.000000,1050,1
10947,Eloy,Baldwin,1988-01-16 00:00:00.000000,178,1
11042,Emery,Lindsey,1965-05-23 00:00:00.000000,1161,3
11020,Yan,Maddox,NaT,1181,3
10540,Taina,Camacho,1962-15-01,362,2
10788,Sherly,Meyer,1966-08-10 00:00:00.000000,1208,2
10096,Paris,Gomez,1988-07-31 00:00:00.000000,860,3
10916,Nery,Harding,NaT,899,3
10109,Isidro,Wells,1978-06-23 00:00:00.000000,411,2
10345,Otha,Hurley,1991-08-18 00:00:00.000000,799,2
10228,Christian,Guerra,1963-07-05 00:00:00.000000,16,2
11014,Fermin,Ashley,1960-01-30 00:00:00.000000,55,1
10924,Johnette,Shannon,1960-05-25 00:00:00.000000,868,3
10396,Jessia,Woods,1998-11-08 00:00:00.000000,774,3
10691,Tamekia,Forbes,1966-04-08 00:00:00.000000,792,3
10456,Heath,Owens,1970-11-08 00:00:00.000000,235,2
10952,Tarah,Meadows,1979-04-15 00:00:00.000000,1164,3
10808,Karine,Pacheco,1960-02-13 00:00:00.000000,188,2
10191,Duncan,Pearson,1994-07-10 00:00:00.000000,310,3
10178,Isis,Hart,NaT,530,1
10599,Leigh,Avery,1974-31-01,1121,2
10084,Anibal,Andrews,1961-12-02 00:00:00.000000,680,2
10678,Gary,Chase,1998-01-19 00:00:00.000000,236,1
10272,Vern,Haley,1974-04-03 00:00:00.000000,29,3
10129,Jere,Bridges,1982-08-30 00:00:00.000000,210,2
10923,Hank,Wong,1977-03-11 00:00:00.000000,983,3
11057,Herb,Ryan,1971-09-12 00:00:00.000000,952,3
10459,Trinity,Mcintyre,1987-10-20 00:00:00.000000,984,3
10423,Grover,Hansen,1971-09-12 00:00:00.000000,991,3
10519,Kera,Larsen,1991-09-24 00:00:00.000000,313,1
10220,Layla,Pate,1963-08-27 00:00:00.000000,364,2
10769,Johnie,Pate,1985-01-26 00:00:00.000000,215,3
10383,Zandra,Davenport,1985-05-21 00:00:00.000000,1042,1
10237,Woodrow,Bowman,1977-06-21 00:00:00.000000,1150,2
10917,Desmond,Davidson,1967-10-07 00:00:00.000000,250,3
10033,Tandy,Schwartz,1965-03-21 00:00:00.000000,464,1
10997,Mila,Espinoza,1961-05-05 00:00:00.000000,206,3
10493,Francis,Dean,1992-09-22 00:00:00.000000,261,3
10232,Lexie,Burns,1993-05-05 00:00:00.000000,999,2
11045,Sherill,Spears,1998-01-06 00:00:00.000000,962,3
10032,Domonique,Davis,1987-03-15 00:00:00.000000,887,1
10555,Sueann,White,NaT,489,1
10172,Jacquelynn,Gates,1968-06-01 00:00:00.000000,382,3
10685,Florentina,PEte,1987-04-25 00:00:00.000000,330,3
10028,Arica,Burris,1960-01-30 00:00:00.000000,362,3
10577,Terrence,Richmond,1965-06-13 00:00:00.000000,943,3
10918,Jacelyn,Middleton,1992-01-08 00:00:00.000000,405,1
10117,Jaime,Austin,1987-09-24 00:00:00.000000,978,3
10187,Odelia,Wright,1976-03-24 00:00:00.000000,776,1
10642,Garland,Farmer,1985-06-16 00:00:00.000000,500,2
10597,Robin,O'connor,1973-10-16 00:00:00.000000,641,1
10971,Bernard,Acosta,1997-05-27 00:00:00.000000,1007,3
10664,Julian,Vazquez,1986-12-12 00:00:00.000000,574,1
10385,,Scott,1993-06-22 00:00:00.000000,485,1
10427,Lino,Mcconnell,1972-03-21 00:00:00.000000,594,3
10458,Belkis,Trevino,1994-05-13 00:00:00.000000,832,2
10251,Wilmer,Rios,1970-04-11 00:00:00.000000,772,3
10064,Clelia,Blackwell,1971-12-24 00:00:00.000000,47,2
10009,Clark,,1999-09-07 00:00:00.000000,728,2
10836,Avery,Gould,1965-03-10 00:00:00.000000,139,2
10490,Jackie,Norman,1972-01-04 00:00:00.000000,718,2
10313,Vito,Baxter,1971-10-06 00:00:00.000000,770,3
10990,Sang,Carr,1982-08-06 00:00:00.000000,282,3
10805,Hal,,1982-04-25 00:00:00.000000,1057,2
10985,Meda,Dunn,1967-12-24 00:00:00.000000,866,1
10053,Antonio,Bullock,1997-05-16 00:00:00.000000,847,3
10279,Tiny,Garcia,1985-10-13 00:00:00.000000,1208,3
10419,Hollis,Martinez,1969-04-15 00:00:00.000000,180,1
10342,Jerrod,Lamb,1980-08-09 00:00:00.000000,892,1
10484,Theresia,Jefferson,1962-09-24 00:00:00.000000,496,2
10167,Gaynelle,Herman,1967-09-23 00:00:00.000000,1029,3
10593,Beckie,Simon,1988-07-29 00:00:00.000000,401,1
10704,Katheleen,Cooley,1960-04-22 00:00:00.000000,629,2
10259,Rossie,Blair,1998-11-05 00:00:00.000000,930,3
10443,,,1972-06-09 00:00:00.000000,944,2
10475,Shea,Rosales,1983-08-16 00:00:00.000000,1153,3
10909,Nathanael,Flynn,1962-03-23 00:00:00.000000,900,3
10906,Lindsay,Contreras,1997-12-24 00:00:00.000000,154,3
11035,Bo,Le,1983-10-19 00:00:00.000000,57,2
10532,Branden,Floyd,2026-03-29 15:01:42.854835,1077,2
10960,Cecila,Wheeler,1966-01-12 00:00:00.000000,400,3
10784,Prince,Hamilton,1963-10-09 00:00:00.000000,703,3
10565,Gertrud,Brown,1993-10-12 00:00:00.000000,828,3
10243,Kirby,Molina,1969-03-15 00:00:00.000000,328,3
10863,China,Farrell,1960-09-21 00:00:00.000000,972,3
10381,Rhona,Benson,1961-11-16 00:00:00.000000,1032,2
10090,Drew,Hoffman,1966-10-10 00:00:00.000000,925,1
11031,Van,Rojas,1971-03-22 00:00:00.000000,590,3
10660,Wilhemina,Mckinney,1968-12-17 00:00:00.000000,671,1
10652,Rory,Burris,1988-06-24 00:00:00.000000,836,3
10722,Van,Rodriquez,1967-09-16 00:00:00.000000,5,3
11069,Shani,Klein,1971-02-14 00:00:00.000000,585,3
10898,Isreal,Hull,1975-01-27 00:00:00.000000,36,1
10454,Mickie,Mercado,1998-12-05 00:00:00.000000,1017,3
10404,Delmer,Fernandez,1979-12-10 00:00:00.000000,559,3
10738,Shaquita,Pruitt,1994-01-10 00:00:00.000000,884,2
10499,Chante,Navarro,1989-08-27 00:00:00.000000,210,3
10693,Frank,Campos,1979-03-25 00:00:00.000000,96,2
10507,Latoria,Mendez,1979-03-30 00:00:00.000000,247,1
10094,Nida,Wright,1974-02-20 00:00:00.000000,1090,2
10812,Latashia,Higgins,1987-03-27 00:00:00.000000,56,3
10229,Myles,Watson,1971-05-18 00:00:00.000000,545,3
10483,Cassey,Roach,1997-05-13 00:00:00.000000,543,3
10077,Dario,Campbell,1964-04-16 00:00:00.000000,12,2
10541,Zulema,Powell,1967-03-24 00:00:00.000000,207,2
10737,Zackary,Warner,1972-11-10 00:00:00.000000,905,1
10520,Adah,Grimes,1992-11-17 00:00:00.000000,408,1
11060,Damion,Mueller,1967-10-13 00:00:00.000000,998,1
10304,Joshua,Cline,2000-03-16 00:00:00.000000,878,1
10953,Shane,Silva,1973-12-12 00:00:00.000000,197,3
11078,Somer,Gibson,2000-06-12 00:00:00.000000,945,2
10956,Elanor,Lloyd,1989-09-22 00:00:00.000000,22,2
10390,Bud,Reid,1993-01-21 00:00:00.000000,1197,3
10154,,Waters,1973-09-07 00:00:00.000000,699,3
10622,Tambra,PresVon,1990-12-10 00:00:00.000000,283,2
10347,Randell,Castaneda,1998-06-07 00:00:00.000000,280,2
10775,Evita,Rutledge,1983-08-26 00:00:00.000000,1169,2
10030,Sulema,Ross,1995-10-09 00:00:00.000000,719,3
10122,Felipe,Munoz,1988-11-27 00:00:00.000000,975,3
10211,Cordell,Cooley,2000-02-12 00:00:00.000000,1136,3
10036,Garland,Berry,1985-06-19 00:00:00.000000,154,3
10743,Seymour,Malone,1990-12-05 00:00:00.000000,38,1
10561,Magen,Hansen,1962-09-18 00:00:00.000000,251,3
10584,Kimiko,Griffith,1961-06-22 00:00:00.000000,91,3
10227,Edison,Mcclain,1979-02-03 00:00:00.000000,531,3
10281,Marylyn,Nichols,1963-09-05 00:00:00.000000,269,2
11095,Angelena,Collier,1986-02-06 00:00:00.000000,269,1
10666,Geraldo,Dale,1998-06-15 00:00:00.000000,880,3
10594,Joaquin,Riddle,1972-11-05 00:00:00.000000,604,3
10925,Minh,Horne,1966-10-31 00:00:00.000000,1110,2
10858,Sherwood,Finch,1999-12-25 00:00:00.000000,116,1
10455,Verlie,Garrett,1965-12-28 00:00:00.000000,276,2
10859,Apolonia,Valencia,1970-08-04 00:00:00.000000,395,1
10042,Lynn,Reynolds,1962-04-24 00:00:00.000000,281,2
10301,Alexander,Buchanan,1967-03-16 00:00:00.000000,803,2
10800,Rosendo,Roman,1980-10-11 00:00:00.000000,1067,1
10847,Denyse,Snider,1989-10-22 00:00:00.000000,461,2
10688,Man,Jenkins,1981-01-27 00:00:00.000000,1129,1
10504,Victor,Barry,1960-03-14 00:00:00.000000,928,1
10292,Cyrus,Garcia,1978-04-22 00:00:00.000000,750,1
10081,Sherman,Buck,1998-11-01 00:00:00.000000,292,3
10610,Olen,Compton,1987-12-27 00:00:00.000000,289,3
10846,Long,Parsons,1969-09-01 00:00:00.000000,303,3
10999,Von,Villarreal,1963-09-23 00:00:00.000000,304,1
10358,Jacquelyne,Bowman,1977-10-15 00:00:00.000000,974,1
10891,Bryanna,Hendrix,1987-04-26 00:00:00.000000,1077,3
10295,Santo,Pugh,2000-11-14 00:00:00.000000,250,3
10712,Boyd,Reyes,1987-03-07 00:00:00.000000,889,2
10027,Dario,Fletcher,1983-01-05 00:00:00.000000,1117,1
10659,Theressa,Bailey,01.18.1960,812,3
10392,Christena,CaMrillo,1967-10-10 00:00:00.000000,1025,2
10706,Shawnda,Summers,1986-04-26 00:00:00.000000,231,3
10799,Colton,Mack,1990-04-07 00:00:00.000000,1161,3
10564,Amal,Duran,1968-07-22 00:00:00.000000,1052,3
10128,Lexie,Mckinney,2025-12-05 15:01:42.854835,946,1
10488,Dagny,Chapman,1980-08-26 00:00:00.000000,935,2
10742,Victor,Eaton,1976-04-14 00:00:00.000000,392,2
10346,Cruz,May,1989-10-31 00:00:00.000000,891,2
10444,Suk,Hewitt,1982-10-10 00:00:00.000000,540,1
10860,Jess,Griffin,1973-08-11 00:00:00.000000,360,2
10447,Marketta,Jacobs,1966-10-15 00:00:00.000000,128,1
10134,Shemika,Pena,1982-08-31 00:00:00.000000,291,3
11024,Apryl,Short,1965-10-22 00:00:00.000000,47,3
11041,Teodoro,,1979-08-07 00:00:00.000000,433,2
10701,Eufemia,Martinez,1978-06-26 00:00:00.000000,740,3
10005,Orlando,Valencia,1962-01-06 00:00:00.000000,641,1
10529,Drew,Whitley,1973-01-06 00:00:00.000000,490,1
10238,Kermit,Harris,1979-09-04 00:00:00.000000,148,2
10974,Santiago,Burton,1999-03-30 00:00:00.000000,1143,3
10707,Fransisca,Barker,1983-11-16 00:00:00.000000,980,1
10714,Rachal,Cervantes,1968-01-20 00:00:00.000000,1205,1
10874,Dorthey,Ashley,1979-12-13 00:00:00.000000,381,2
10162,Silva,Riggs,1992-01-01 00:00:00.000000,728,1
10811,Santos,Drake,1963-06-17 00:00:00.000000,63,3
10389,Francie,Daugherty,1986-04-25 00:00:00.000000,703,2
10911,Emil,Cotton,1969-11-07 00:00:00.000000,327,2
10440,Deshawn,Gutierrez,1967-06-16 00:00:00.000000,1108,3
11000,Marylyn,Henry,1968-05-03 00:00:00.000000,673,2
10176,Maisha,Wilkins,1977-02-04 00:00:00.000000,289,2
11079,Michel,Briggs,1969-03-13 00:00:00.000000,71,3
10102,,Potts,1977-12-25 00:00:00.000000,292,3
10628,Fredda,Morrison,1983-09-07 00:00:00.000000,633,2
10723,Harlan,Baldwin,NaT,892,2
10473,Shay,Kane,1991-11-08 00:00:00.000000,282,2
10848,Nguyet,Sutton,1984-06-06 00:00:00.000000,667,1
10822,Blondell,Wolf,1972-06-28 00:00:00.000000,1202,3
10041,Boyd,Mays,1990-02-26 00:00:00.000000,1055,3
10480,Lavera,Woodard,1994-03-04 00:00:00.000000,1,2
10517,Latrisha,Sosa,1975-04-06 00:00:00.000000,719,2
10857,Rich,Woodward,1968-04-10 00:00:00.000000,640,2
10492,Velvet,Knowles,1991-02-25 00:00:00.000000,980,2
10680,Audria,Larsen,1989-11-07 00:00:00.000000,301,1
10025,Breann,Reeves,1980-01-16 00:00:00.000000,878,2
10430,Jamika,Cole,1981-12-26 00:00:00.000000,212,2
11007,Bob,Shepard,1961-07-23 00:00:00.000000,890,3
10367,Jama,Gilmore,1968-04-03 00:00:00.000000,263,3
11026,Wynell,Myers,1981-12-21 00:00:00.000000,320,1
10469,Tanna,Willis,1969-05-02 00:00:00.000000,185,1
10418,Jae,Bowman,1965-07-13 00:00:00.000000,741,1
10801,Carey,,1973-10-05 00:00:00.000000,630,1
10548,Merilyn,Daugherty,1976-05-23 00:00:00.000000,705,1
10829,Mac,Booker,1960-12-07 00:00:00.000000,1115,2
10556,Arcelia,Harding,1987-04-15 00:00:00.000000,672,2
10601,Jamey,Hendrix,1993-01-14 00:00:00.000000,1087,1
10818,Nikole,Garza,1990-01-31 00:00:00.000000,161,3
10856,Don,Bird,1991-08-30 00:00:00.000000,1176,1
10067,Shyla,,1962-08-11 00:00:00.000000,1079,2
10487,Roscoe,Carlson,1962-04-18 00:00:00.000000,134,1
10315,Iesha,Sampson,1975-10-30 00:00:00.000000,690,2
10368,Duncan,Bowers,1986-08-11 00:00:00.000000,128,1
10817,Ming,Dennis,1962-08-27 00:00:00.000000,265,1
11065,Despina,Heath,1999-04-28 00:00:00.000000,1095,1
10474,Roscoe,Hayden,NaT,186,2
11054,Tandra,Rosales,1993-07-02 00:00:00.000000,550,2
11059,,Lawrence,1994-12-03 00:00:00.000000,2,1
10171,Lou,Zamora,1978-06-29 00:00:00.000000,806,3
11003,Lauran,Mcmillan,1983-06-01 00:00:00.000000,1210,1
10809,Tonette,Cobb,1964-02-20 00:00:00.000000,982,2
10099,Georgiann,Whitnker,1963-08-10 00:00:00.000000,762,3
10428,Raphael,Lewis,1966-09-13 00:00:00.000000,1163,2
10457,Louanne,Hodge,2000-09-13 00:00:00.000000,146,1
10868,Kimberlie,Harmon,1971-12-07 00:00:00.000000,155,2
10349,Quentin,Dalton,1985-10-04 00:00:00.000000,1023,3
11048,Lavona,Mooney,1966-06-30 00:00:00.000000,15,1
10546,Freeman,Black,1965-10-06 00:00:00.000000,1074,3
10270,Jene,Mcintosh,1970-06-02 00:00:00.000000,844,1
10319,Yee,Garcia,1974-12-01 00:00:00.000000,1204,3
10732,Mao,Walls,1979-05-23 00:00:00.000000,806,2
10160,Chun,Sparks,1966-01-02 00:00:00.000000,923,2
10104,,Curry,1968-12-19 00:00:00.000000,824,1
10173,Hassie,Gregory,1962-04-22 00:00:00.000000,820,3
10326,Tatyana,Morrison,1981-06-03 00:00:00.000000,798,1
10509,Fernando,Ortega,1972-01-06 00:00:00.000000,730,2
10021,Weldon,FultoD,1990-04-20 00:00:00.000000,689,3
10247,Neil,Adkins,1977-10-02 00:00:00.000000,737,1
11058,Terry,Harmon,1997-10-01 00:00:00.000000,240,1
10538,Russell,Massey,1994-01-09 00:00:00.000000,46,3
10592,Lester,Wright,1997-10-05 00:00:00.000000,961,2
10834,Felton,Hamilton,1993-04-23 00:00:00.000000,988,2
10791,Thresa,Levine,1978-10-11 00:00:00.000000,819,2
10621,Christene,Chambers,1989-10-21 00:00:00.000000,28,3
10164,Kalyn,Davidson,1977-02-27 00:00:00.000000,1145,1
10417,Florencia,Abbott,1998-05-14 00:00:00.000000,31,3
10285,Myung,Shields,1964-07-17 00:00:00.000000,548,3
10667,Rudy,Waller,1984-01-02 00:00:00.000000,322,1
10823,Cecil,Dillard,1993-04-29 00:00:00.000000,359,1
11070,Clyde,Bird,2026-06-08 15:01:42.854835,691,3
10789,Livia,Carroll,1998-07-21 00:00:00.000000,115,1
10770,Tawna,Hess,1996-01-10 00:00:00.000000,1146,2
10236,Mertie,Mccray,1971-05-19 00:00:00.000000,79,1
10382,Mitch,Brady,1960-01-27 00:00:00.000000,477,2
10838,Phylicia,Charles,1999-10-25 00:00:00.000000,584,1
10730,Gonzalo,Vaughn,1983-07-23 00:00:00.000000,707,1
10719,Dakota,Palmer,1969-08-02 00:00:00.000000,745,2
10155,Harris,Dillon,1976-08-08 00:00:00.000000,480,2
10305,Londa,Mcdaniel,1970-06-16 00:00:00.000000,562,3
10091,William,Nieves,1970-05-22 00:00:00.000000,420,3
10433,Sherlene,Walker,1970-05-11 00:00:00.000000,532,2
10399,Ariel,Levine,1969-06-04 00:00:00.000000,902,1
10394,Valentine,Griffith,1963-12-25 00:00:00.000000,1024,3
10453,Jeremiah,Terrell,1975-12-03 00:00:00.000000,153,2
10765,Junior,Witt,1992-07-09 00:00:00.000000,870,1
10869,Glenn,Glenn,1992-11-20 00:00:00.000000,662,2
10739,Bronwyn,Hatfield,1987-11-04 00:00:00.000000,927,3
10522,Thersa,Myers,1974-12-06 00:00:00.000000,622,2
10526,Roman,Mcclain,1992-07-25 00:00:00.000000,1031,2
10915,Natisha,Mccarthy,1968-11-08 00:00:00.000000,968,3
10840,Marvin,Santiago,1971-02-08 00:00:00.000000,397,3
10903,Cecille,Lewis,1981-03-21 00:00:00.000000,409,2
10244,Ara,Miller,1975-10-06 00:00:00.000000,458,2
10181,Rosenda,Bartlett,1976-09-19 00:00:00.000000,374,2
10406,Enrique,Burgess,1967-10-17 00:00:00.000000,73,1
10405,Huey,Middleton,1973-06-01 00:00:00.000000,165,3
10692,Denae,Richmond,1992-09-22 00:00:00.000000,1064,1
11009,Shane,Daniels,1973-06-06 00:00:00.000000,881,3
10894,Gaston,Chavez,1968-11-30 00:00:00.000000,805,2
10353,Loren,Day,1983-05-10 00:00:00.000000,913,2
10715,Preston,Shepard,1962-03-04 00:00:00.000000,442,3
10609,Carli,Sampson,1963-04-22 00:00:00.000000,138,1
10866,Glen,Barton,1998-05-02 00:00:00.000000,805,2
10019,Rey,Anthony,1966-05-27 00:00:00.000000,291,3
10853,Demetrius,Diaz,1977-09-20 00:00:00.000000,371,1
10408,Dean,Huffman,1962-01-15 00:00:00.000000,715,1
10889,Mack,Edwards,2000-11-29 00:00:00.000000,267,3
10651,Kathern,Silva,1963-04-17 00:00:00.000000,784,3
10204,Lenna,Terrell,1997-08-31 00:00:00.000000,5,1
10114,Jacqulyn,Jarvis,1972-08-26 00:00:00.000000,701,3
10905,Shavon,Barron,1984-06-18 00:00:00.000000,1012,3
10781,Olin,Foster,1965-02-28 00:00:00.000000,681,2
10018,Augustus,Pennington,1985-03-02 00:00:00.000000,589,1
10870,Raleigh,Nelson,1961-05-12 00:00:00.000000,1193,2
10524,Darn,Arnold,1968-04-24 00:00:00.000000,55,3
10188,Rozanne,Frye,1972-10-02 00:00:00.000000,275,1
10718,Wilbert,Gallagher,1969/08/28,227,3
10576,Bryant,Blake,1960-10-05 00:00:00.000000,32,1
10088,Lizzette,Skinner,1962-08-31 00:00:00.000000,9,3
10450,Lisbeth,Buchanan,1967-09-20 00:00:00.000000,271,2
10939,Cliff,Gonzalez,1989-04-16 00:00:00.000000,340,3
10341,Horacio,Hays,1980-01-31 00:00:00.000000,144,3
10280,Reginald,Buck,1976-10-08 00:00:00.000000,1019,3
11074,Lovella,Knowles,1960-11-26 00:00:00.000000,513,3
10163,Sherwood,Douglas,1966-10-19 00:00:00.000000,284,2
10100,Clora,,1966-09-16 00:00:00.000000,691,1
10195,Marcelino,,1967-04-03 00:00:00.000000,817,2
10284,Janessa,Watson,1994-08-03 00:00:00.000000,580,1
10496,,Christian,1987-02-03 00:00:00.000000,1185,2
10371,Carmelina,Hull,1991-05-07 00:00:00.000000,734,3
10265,Myung,Bean,1981-12-29 00:00:00.000000,1077,1
10003,Marcelo,Everett,1990-01-04 00:00:00.000000,930,3
10010,Violette,Dejesus,1978-12-26 00:00:00.000000,525,3
10395,Azalee,Hooper,1963-03-12 00:00:00.000000,511,2
11068,Alvin,Roberts,1984-05-25 00:00:00.000000,923,1
10886,Deane,Bauer,1970-11-21 00:00:00.000000,427,3
10502,Dion,Nelson,1996-06-08 00:00:00.000000,509,1
10199,Yen,Kim,1993-04-12 00:00:00.000000,685,1
10282,Billie,Yates,1987-04-03 00:00:00.000000,6,2
10411,Jeni,Romero,1977-07-01 00:00:00.000000,990,3
10595,Wyatt,Mack,1991-07-07 00:00:00.000000,875,2
11036,Harlan,Caldwell,1977-11-13 00:00:00.000000,107,2
10587,Sage,Walsh,1990-03-11 00:00:00.000000,189,1
10725,Jaleesa,Cole,1980-05-16 00:00:00.000000,58,1
10299,Avery,Floyd,1999-10-04 00:00:00.000000,129,1
10262,Stacy,Spence,1967-09-12 00:00:00.000000,992,3
10581,Carline,Sosa,1989-05-19 00:00:00.000000,1170,2
10966,Sunni,Faulkner,1988-06-08 00:00:00.000000,988,3
10141,Elicia,Shaw,1980-06-22 00:00:00.000000,362,3
10416,Johnathan,Yates,1976-02-04 00:00:00.000000,409,1
10231,Ching,Hoffman,1960-04-21 00:00:00.000000,403,3
10544,Johnny,Clayton,2000-10-25 00:00:00.000000,594,3
11075,Normand,Blair,1996-05-05 00:00:00.000000,1124,2
10318,Fletcher,Stanton,1979-07-06 00:00:00.000000,551,3
10372,Marhta,Keith,1964-05-12 00:00:00.000000,934,1
11027,Hayden,Gardner,1964-06-27 00:00:00.000000,1010,3
11092,Thanh,Acevedo,1976-06-30 00:00:00.000000,1085,3
11097,Karma,Potts,1969-12-08 00:00:00.000000,274,2
10616,Isadora,Mckee,2026-04-14 15:01:42.854835,322,2
10794,Jolie,Perkins,1961-02-08 00:00:00.000000,484,2
11056,Hobert,Howell,1984-10-02 00:00:00.000000,1039,3
10294,Anjanette,,1979-02-27 00:00:00.000000,675,1
10477,Allegra,Vinson,1970-04-07 00:00:00.000000,1153,1
11037,Sherwood,Parker,1970-05-02 00:00:00.000000,155,3
10825,Hugh,Mills,1974-07-03 00:00:00.000000,857,3
10369,Florencia,Hale,1963-06-12 00:00:00.000000,253,3
10527,Steffanie,Vang,1995-01-28 00:00:00.000000,652,1
10776,Jarrett,Dillard,1990-08-28 00:00:00.000000,579,2
10101,Hector,Calhoun,1960-06-01 00:00:00.000000,653,2
10182,Alfonso,Pennington,NaT,343,1
10380,Malik,Graham,1969-01-23 00:00:00.000000,71,2
10293,Oretha,Sullivan,1967-02-11 00:00:00.000000,833,2
10571,Marcellus,Gilliam,2000-02-24 00:00:00.000000,119,1
10596,Lorriane,Flowers,1995-11-07 00:00:00.000000,457,3
11029,Vance,Spencer,1995-12-19 00:00:00.000000,181,2
10792,Lilliana,Gardner,1974-03-15 00:00:00.000000,793,3
11052,Perry,Chang,1977-06-07 00:00:00.000000,977,3
10321,Mack,Goodwin,1989-09-18 00:00:00.000000,246,3
10200,Kathey,Reilly,1971-01-31 00:00:00.000000,272,3
10216,Seymour,Byers,NaT,290,2
10119,Donetta,Heath,1989-10-16 00:00:00.000000,512,1
10976,Regena,Atkinson,1980-02-26 00:00:00.000000,834,1
11064,Emmy,Peterson,1983-05-20 00:00:00.000000,991,1
10241,Major,Ingram,1972-05-19 00:00:00.000000,67,1
10694,Gaylord,Pratt,1966-11-06 00:00:00.000000,415,2
10910,Chi,Navarro,1960-08-04 00:00:00.000000,987,3
10623,Arianna,Carr,1979-07-13 00:00:00.000000,40,1
10152,Samual,Winters,1998-12-03 00:00:00.000000,690,1
11046,Young,Holder,1984-03-10 00:00:00.000000,648,2
10429,Marth,Huffman,1967-11-22 00:00:00.000000,743,1
10120,Libbie,Hurley,1978-08-26 00:00:00.000000,242,3
10422,Klara,Robles,1970-04-14 00:00:00.000000,618,3
10864,Conception,Hopper,1975-10-05 00:00:00.000000,733,1
11028,Cory,Trujillo,1987-10-11 00:00:00.000000,1195,3
10014,Syreeta,,1969-09-18 00:00:00.000000,517,3
10445,Kallie,Mclaughlin,1999-06-04 00:00:00.000000,180,1
10297,Alec,Trevino,1960-02-27 00:00:00.000000,911,2
10076,Thad,Bates,1986-12-15 00:00:00.000000,1182,3
10602,Kristofer,Anderson,1979-11-12 00:00:00.000000,1138,2
10613,Stanley,Lewis,1966-03-31 00:00:00.000000,567,3
11089,Deedee,Sullivan,1976-11-04 00:00:00.000000,313,2
10472,Cristobal,Lowery,1981-10-12 00:00:00.000000,68,3
11083,Elfreda,Sheppard,1994-04-05 00:00:00.000000,1200,3
10446,Clifford,Moore,1961-03-30 00:00:00.000000,400,1
11043,Melodee,Marquez,1976-07-30 00:00:00.000000,762,3
10057,Alysa,Baldwin,1986-05-17 00:00:00.000000,100,3
10796,Johanne,Powers,1971-07-19 00:00:00.000000,158,1
10643,Carylon,Meyers,1968-04-02 00:00:00.000000,222,2
10611,Nathanael,Middleton,1975-12-17 00:00:00.000000,520,1
10783,Grover,Brennan,1984-06-18 00:00:00.000000,774,1
10360,Sheldon,Vang,1976-09-09 00:00:00.000000,235,3
11071,Adam,,1980-12-19 00:00:00.000000,391,3
10605,Eugene,Navarro,1997-12-02 00:00:00.000000,401,3
10257,Lad,Castro,1979-10-31 00:00:00.000000,1180,3
10116,Rebecka,Petty,1973-07-11 00:00:00.000000,234,2
